stim_images;stim_images2
Houses_AI/aihouse (1).jpg;Houses_AI/aihouse (99).png
Houses_AI/aihouse (1).png;Houses_AI/aihouse (100).png
Houses_AI/aihouse (2).png;Houses_AI/aihouse (101).png
Houses_AI/aihouse (3).png;Houses_AI/aihouse (102).png
Houses_AI/aihouse (4).png;Houses_AI/aihouse (103).png
Houses_AI/aihouse (5).png;Houses_AI/aihouse (104).png
Houses_AI/aihouse (6).png;Houses_AI/aihouse (105).png
Houses_AI/aihouse (7).png;Houses_AI/aihouse (106).png
Houses_AI/aihouse (8).png;Houses_AI/aihouse (107).png
Houses_AI/aihouse (9).png;Houses_AI/aihouse (108).png
Houses_AI/aihouse (10).png;Houses_AI/aihouse (109).png
Houses_AI/aihouse (11).png;Houses_AI/aihouse (110).png
Houses_AI/aihouse (12).png;Houses_AI/aihouse (111).png
Houses_AI/aihouse (13).png;Houses_AI/aihouse (112).png
Houses_AI/aihouse (14).png;Houses_AI/aihouse (113).png
Houses_AI/aihouse (15).png;Houses_AI/aihouse (114).png
Houses_AI/aihouse (16).png;Houses_AI/aihouse (115).png
Houses_AI/aihouse (17).png;Houses_AI/aihouse (116).png
Houses_AI/aihouse (18).png;Houses_AI/aihouse (117).png
Houses_AI/aihouse (19).png;Houses_AI/aihouse (118).png
Houses_AI/aihouse (20).png;Houses_AI/aihouse (119).png
Houses_AI/aihouse (21).png;Houses_AI/aihouse (120).png
Houses_AI/aihouse (22).png;Houses_AI/aihouse (121).png
Houses_AI/aihouse (23).png;Houses_AI/aihouse (122).png
Houses_AI/aihouse (24).png;Houses_AI/aihouse (123).png
Houses_AI/aihouse (25).png;Houses_AI/aihouse (124).png
Houses_AI/aihouse (26).png;Houses_AI/aihouse (125).png
Houses_AI/aihouse (27).png;Houses_AI/aihouse (126).png
Houses_AI/aihouse (28).png;Houses_AI/aihouse (127).png
Houses_AI/aihouse (29).png;Houses_AI/aihouse (128).png
Houses_AI/aihouse (30).png;Houses_AI/aihouse (129).png
Houses_AI/aihouse (31).png;Houses_AI/aihouse (130).png
Houses_AI/aihouse (32).png;Houses_AI/aihouse (131).png
Houses_AI/aihouse (33).png;Houses_AI/aihouse (132).png
Houses_AI/aihouse (34).png;Houses_AI/aihouse (133).png
Houses_AI/aihouse (35).png;Houses_AI/aihouse (134).png
Houses_AI/aihouse (36).png;Houses_AI/aihouse (135).png
Houses_AI/aihouse (37).png;Houses_AI/aihouse (136).png
Houses_AI/aihouse (38).png;Houses_AI/aihouse (137).png
Houses_AI/aihouse (39).png;Houses_AI/aihouse (138).png
Houses_AI/aihouse (40).png;Houses_AI/aihouse (139).png
Houses_AI/aihouse (41).png;Houses_AI/aihouse (140).png
Houses_AI/aihouse (42).png;Houses_AI/aihouse (141).png
Houses_AI/aihouse (43).png;Houses_AI/aihouse (142).png
Houses_AI/aihouse (44).png;Houses_AI/aihouse (143).png
Houses_AI/aihouse (45).png;Houses_AI/aihouse (144).png
Houses_AI/aihouse (46).png;Houses_AI/aihouse (145).png
Houses_AI/aihouse (47).png;Houses_AI/aihouse (146).png
Houses_AI/aihouse (48).png;Houses_AI/aihouse (147).png
Houses_AI/aihouse (49).png;Houses_AI/aihouse (148).png
Houses_AI/aihouse (50).png;Houses_AI/aihouse (149).png
Houses_AI/aihouse (51).png;Houses_AI/aihouse (150).png
Houses_AI/aihouse (52).png;Houses_AI/aihouse (151).png
Houses_AI/aihouse (53).png;Houses_AI/aihouse (152).png
Houses_AI/aihouse (54).png;Houses_AI/aihouse (153).png
Houses_AI/aihouse (55).png;Houses_AI/aihouse (154).png
Houses_AI/aihouse (56).png;Houses_AI/aihouse (155).png
Houses_AI/aihouse (57).png;Houses_AI/aihouse (156).png
Houses_AI/aihouse (58).png;Houses_AI/aihouse (157).png
Houses_AI/aihouse (59).png;Houses_AI/aihouse (158).png
Houses_AI/aihouse (60).png;Houses_AI/aihouse (159).png
Houses_AI/aihouse (61).png;Houses_AI/aihouse (160).png
Houses_AI/aihouse (62).png;Houses_AI/aihouse (161).png
Houses_AI/aihouse (63).png;Houses_AI/aihouse (162).png
Houses_AI/aihouse (64).png;Houses_AI/aihouse (163).png
Houses_AI/aihouse (65).png;Houses_AI/aihouse (164).png
Houses_AI/aihouse (66).png;Houses_AI/aihouse (165).png
Houses_AI/aihouse (67).png;Houses_AI/aihouse (166).png
Houses_AI/aihouse (68).png;Houses_AI/aihouse (167).png
Houses_AI/aihouse (69).png;Houses_AI/aihouse (168).png
Houses_AI/aihouse (70).png;Houses_AI/aihouse (169).png
Houses_AI/aihouse (71).png;Houses_AI/aihouse (170).png
Houses_AI/aihouse (72).png;Houses_AI/aihouse (171).png
Houses_AI/aihouse (73).png;Houses_AI/aihouse (172).png
Houses_AI/aihouse (74).png;Houses_AI/aihouse (173).png
Houses_AI/aihouse (75).png;Houses_AI/aihouse (174).png
Houses_AI/aihouse (76).png;Houses_AI/aihouse (175).png
Houses_AI/aihouse (77).png;Houses_AI/aihouse (176).png
Houses_AI/aihouse (78).png;Houses_AI/aihouse (177).png
Houses_AI/aihouse (79).png;Houses_AI/aihouse (178).png
Houses_AI/aihouse (80).png;Houses_AI/aihouse (179).png
Houses_AI/aihouse (81).png;Houses_AI/aihouse (180).png
Houses_AI/aihouse (82).png;Houses_AI/aihouse (181).png
Houses_AI/aihouse (83).png;Houses_AI/aihouse (182).png
Houses_AI/aihouse (84).png;Houses_AI/aihouse (183).png
Houses_AI/aihouse (85).png;Houses_AI/aihouse (184).png
Houses_AI/aihouse (86).png;Houses_AI/aihouse (185).png
Houses_AI/aihouse (87).png;Houses_AI/aihouse (186).png
Houses_AI/aihouse (88).png;Houses_AI/aihouse (187).png
Houses_AI/aihouse (89).png;Houses_AI/aihouse (188).png
Houses_AI/aihouse (90).png;Houses_AI/aihouse (189).png
Houses_AI/aihouse (91).png;Houses_AI/aihouse (190).png
Houses_AI/aihouse (92).png;Houses_AI/aihouse (191).png
Houses_AI/aihouse (93).png;Houses_AI/aihouse (192).png
Houses_AI/aihouse (94).png;Houses_AI/aihouse (193).png
Houses_AI/aihouse (95).png;Houses_AI/aihouse (194).png
Houses_AI/aihouse (96).png;Houses_AI/aihouse (195).png
Houses_AI/aihouse (97).png;Houses_AI/aihouse (196).png
Houses_AI/aihouse (98).png;Houses_AI/aihouse (197).png
Houses_AI/aihouse (99).png;Houses_AI/aihouse (198).png
Houses_AI/aihouse (100).png;Houses_AI/aihouse (199).png
Houses_AI/aihouse (101).png;Houses_AI/aihouse (200).png
Houses_AI/aihouse (102).png;Houses_AI/aihouse (201).png
Houses_AI/aihouse (103).png;Houses_AI/aihouse (202).png
Houses_AI/aihouse (104).png;Houses_AI/aihouse (203).png
